dataset,column,count,mean,std,min,q25,median,q75,max,skew
DataCo,Days for shipping (real),180519,3.498,1.624,0.0,2.0,3.0,5.0,6.0,0.085
DataCo,Days for shipment (scheduled),180519,2.932,1.374,0.0,2.0,4.0,4.0,4.0,-0.732
DataCo,Benefit per order,180519,21.975,104.434,-4274.98,7.0,31.52,64.8,911.8,-4.742
DataCo,Sales per customer,180519,183.108,120.044,7.49,104.38,163.99,247.4,1939.99,2.888
DataCo,Late_delivery_risk,180519,0.548,0.498,0.0,0.0,1.0,1.0,1.0,-0.194
DataCo,Category Id,180519,31.851,15.64,2.0,18.0,29.0,45.0,76.0,0.362
DataCo,Department Id,180519,5.443,1.629,2.0,4.0,5.0,7.0,12.0,0.273
DataCo,Latitude,180519,29.72,9.814,-33.938,18.265,33.145,39.28,48.782,-0.098
DataCo,Longitude,180519,-84.916,21.433,-158.026,-98.446,-76.848,-66.371,115.263,-0.498
DataCo,Order Id,180519,36221.895,21045.38,1.0,18057.0,36140.0,54144.0,77204.0,0.033
DataCo,Order Item Cardprod Id,180519,692.51,336.447,19.0,403.0,627.0,1004.0,1363.0,0.138
DataCo,Order Item Discount,180519,20.665,21.801,0.0,5.4,14.0,29.99,500.0,3.04
DataCo,Order Item Discount Rate,180519,0.102,0.07,0.0,0.04,0.1,0.16,0.25,0.341
DataCo,Order Item Product Price,180519,141.233,139.732,9.99,50.0,59.99,199.99,1999.99,3.191
DataCo,Order Item Profit Ratio,180519,0.121,0.467,-2.75,0.08,0.27,0.36,0.5,-2.894
DataCo,Order Item Quantity,180519,2.128,1.453,1.0,1.0,1.0,3.0,5.0,0.88
DataCo,Sales,180519,203.772,132.273,9.99,119.98,199.92,299.95,1999.99,2.884
DataCo,Order Item Total,180519,183.108,120.044,7.49,104.38,163.99,247.4,1939.99,2.888
DataCo,Order Profit Per Order,180519,21.975,104.434,-4274.98,7.0,31.52,64.8,911.8,-4.742
DataCo,Product Card Id,180519,692.51,336.447,19.0,403.0,627.0,1004.0,1363.0,0.138
DataCo,Product Category Id,180519,31.851,15.64,2.0,18.0,29.0,45.0,76.0,0.362
DataCo,Product Price,180519,141.233,139.732,9.99,50.0,59.99,199.99,1999.99,3.191
DataCo,Product Status,180519,0.0,0.0,0.0,0.0,0.0,0.0,0.0,0.0
DataCo,order_month,180519,6.235,3.404,1.0,3.0,6.0,9.0,12.0,0.068
DataCo,order_dow,180519,3.008,2.002,0.0,1.0,3.0,5.0,6.0,-0.007
DataCo,order_year,180519,2015.971,0.829,2015.0,2015.0,2016.0,2017.0,2018.0,0.177
DataCo,order_week,180519,25.506,14.892,1.0,13.0,25.0,38.0,53.0,0.081
DataCo,order_hour,180519,11.484,6.923,0.0,5.0,11.0,17.0,23.0,0.001
DataCo,shipping_delay,180519,0.566,1.491,-2.0,0.0,1.0,1.0,4.0,0.031
DataCo,discount_amount,180519,20.665,21.801,0.0,5.4,14.0,29.99,500.0,3.04
DataCo,unit_price,180519,141.233,139.732,9.99,50.0,59.99,199.99,1999.99,3.191
StoreDemand,store,913000,5.5,2.872,1.0,3.0,5.5,8.0,10.0,0.0
StoreDemand,item,913000,25.5,14.431,1.0,13.0,25.5,38.0,50.0,0.0
StoreDemand,sales,913000,52.25,28.801,0.0,30.0,47.0,70.0,231.0,0.867
StoreDemand,dow,913000,3.002,1.999,0.0,1.0,3.0,5.0,6.0,-0.001
StoreDemand,month,913000,6.524,3.449,1.0,4.0,7.0,10.0,12.0,-0.01
StoreDemand,year,913000,2015.001,1.414,2013.0,2014.0,2015.0,2016.0,2017.0,-0.001
StoreDemand,dayofyear,913000,183.1,105.424,1.0,92.0,183.0,274.0,366.0,0.0
OnlineRetail,Quantity,1002800,11.148,128.772,1.0,1.0,4.0,12.0,80995.0,453.102
OnlineRetail,Price,1002800,3.377,13.123,0.001,1.25,2.1,4.13,11062.06,657.822
OnlineRetail,Customer ID,776169,15326.139,1692.751,12346.0,13979.0,15251.0,16795.0,18287.0,0.009
OnlineRetail,revenue,1002800,19.616,200.408,0.001,4.13,10.08,17.7,168469.6,658.074
OnlineRetail,dow,1002800,2.463,1.885,0.0,1.0,2.0,4.0,6.0,0.464
OnlineRetail,month,1002800,7.406,3.5,1.0,4.0,8.0,11.0,12.0,-0.355
