,sales
lag_364,0.9316
lag_7,0.929
roll_mean_7,0.9257
roll_mean_14,0.9253
lag_14,0.9212
ewm_28,0.9209
roll_mean_28,0.9208
roll_max_7,0.9139
roll_max_14,0.9135
lag_21,0.9132
roll_min_14,0.909
roll_max_28,0.908
roll_min_28,0.9076
roll_mean_56,0.9076
roll_min_7,0.9071
lag_28,0.9052
roll_min_56,0.8954
roll_max_56,0.894
lag_1,0.8787
lag_56,0.8642
lag_2,0.859
roll_std_28,0.8504
roll_std_56,0.8503
lag_3,0.8404
roll_std_14,0.8258
roll_std_7,0.7628
item_mean_all,0.74
cv_28,-0.637
store_factor,0.3573
year_cos_1,-0.2961
dow,0.2226
is_weekend,0.1791
week_sin_1,-0.1572
lag_ratio_7_28,0.1502
is_promo,-0.1126
week_cos_3,-0.1054
quarter,0.0939
week_cos_2,-0.0904
month,0.0874
dayofyear,0.0863
weekofyear,0.0847
is_leap,0.0756
year_sin_2,-0.0692
week_cos_1,-0.069
year_sin_1,-0.0661
item,-0.056
year_cos_3,-0.0518
year_sin_3,-0.0516
rolling_trend,0.0515
week_sin_2,-0.045
year_cos_2,-0.0138
week_sin_3,-0.0094
store,-0.0082
is_holiday,-0.008
day,0.0028
is_month_start,-0.0006
is_month_end,0.0003
