horizon,model,MAPE,MAE,RMSE,WAPE
7,SARIMA,10.551,7.0114,8.8973,9.451
7,SeasonalNaive,14.888,10.1774,13.2016,13.498
7,ColdStart,15.085,11.4975,14.5695,15.248
7,RandomForest,10.722,7.0903,9.2153,9.403
7,XGBoost,10.543,6.9937,9.1004,9.275
7,LightGBM,10.494,6.8231,8.7925,9.049
7,LSTM,11.678,8.402,11.1006,11.143
7,Ensemble,10.486,6.8737,8.8941,9.116
30,SARIMA,12.01,8.5452,11.0448,11.4
30,SeasonalNaive,14.726,10.1394,13.137,13.327
30,ColdStart,14.57,11.2007,14.3,14.722
30,RandomForest,10.73,7.1065,9.1924,9.341
30,XGBoost,10.735,7.2839,9.5005,9.574
30,LightGBM,10.603,7.0018,9.065,9.203
30,LSTM,12.837,9.6386,12.8607,12.669
30,Ensemble,10.583,7.0399,9.1241,9.253
90,SARIMA,12.655,7.3714,9.6254,10.872
90,SeasonalNaive,17.927,10.4455,13.6056,15.332
90,ColdStart,14.714,10.0371,12.9368,14.733
90,RandomForest,12.991,7.2058,9.2445,10.577
90,XGBoost,11.873,7.3717,9.6965,10.82
90,LightGBM,11.307,6.7527,8.8437,9.912
90,LSTM,16.987,11.2727,14.5364,16.546
90,Ensemble,11.285,6.6613,8.6989,9.778
