threshold,precision,recall,f1
0.2,0.5614,0.998,0.7186
0.22,0.5624,0.9949,0.7186
0.24,0.565,0.9897,0.7193
0.26,0.5715,0.9756,0.7208
0.28,0.5815,0.9503,0.7215
0.3,0.5927,0.9232,0.7219
0.32,0.6067,0.8866,0.7204
0.34,0.6322,0.8345,0.7194
0.36,0.6876,0.7478,0.7165
0.38,0.7561,0.6617,0.7058
0.4,0.803,0.6194,0.6994
0.42,0.8257,0.6038,0.6975
0.44,0.8369,0.5966,0.6966
0.46,0.8427,0.5924,0.6957
0.48,0.8462,0.5895,0.6949
0.5,0.8478,0.5874,0.694
0.52,0.8487,0.5852,0.6927
0.54,0.8492,0.5831,0.6914
0.56,0.8498,0.5815,0.6905
0.58,0.8506,0.5775,0.6879
0.6,0.8528,0.573,0.6854
0.62,0.8563,0.5675,0.6826
0.64,0.8602,0.5589,0.6776
0.66,0.8642,0.5487,0.6712
0.68,0.8686,0.5348,0.662
0.7,0.8737,0.518,0.6504
0.72,0.8798,0.4984,0.6363
0.74,0.8873,0.4759,0.6195
0.76,0.8948,0.444,0.5935
0.78,0.9094,0.4043,0.5597
0.8,0.9225,0.3605,0.5184
