,0
Shipping Mode_First Class,0.18964
Days for shipment (scheduled),0.13397
Shipping Mode_Standard Class,0.13103
Shipping Mode_Same Day,0.07336
Type_TRANSFER,0.01965
Shipping Mode_Second Class,0.01637
order_hour,0.00876
Type_CASH,0.0057
Type_PAYMENT,0.00523
Type_DEBIT,0.0041
Order Region_Oceania,0.00399
Order Region_Eastern Europe,0.0037
Order Region_East of USA,0.00367
Order Country_México,0.00363
Order Country_Egipto,0.00363
Order Region_Northern Europe,0.00359
Order Region_US Center ,0.00346
Order Country_Reino Unido,0.00346
Order Country_Indonesia,0.00342
Order Region_West Africa,0.00337
