sku,avg_daily_demand,forecast_error_sd,safety_stock,reorder_point,eoq_order_qty,days_of_cover,abc_class,annual_value,current_on_hand_avg,recommended_action
S02-I28,122.5,10.78,259.4,1116.9,1364.9,9.12,A,581255.0,1032.3,REORDER SOON
S02-I15,122.97,10.44,260.2,1121.0,1367.6,9.12,A,579374.0,1233.7,REORDER SOON
S02-I18,119.67,12.0,254.7,1092.4,1349.1,9.13,A,567091.0,886.1,REORDER SOON
S08-I28,119.31,12.15,254.1,1089.2,1347.0,9.13,A,559331.0,975.6,REORDER SOON
S02-I13,118.38,11.7,251.8,1080.4,1341.8,9.13,A,554760.0,926.3,REORDER SOON
S08-I15,120.7,10.56,255.6,1100.5,1354.9,9.12,A,552713.0,1045.3,REORDER SOON
S02-I38,114.28,11.89,243.6,1043.6,1318.3,9.13,A,533741.0,906.8,REORDER SOON
S02-I45,114.81,11.86,244.7,1048.3,1321.4,9.13,A,533241.0,873.1,REORDER SOON
S08-I13,115.81,11.55,246.4,1057.1,1327.1,9.13,A,532503.0,1428.2,HOLD
S02-I22,113.27,10.9,240.7,1033.6,1312.5,9.12,A,531432.0,1023.5,REORDER SOON
S08-I18,113.91,12.44,243.4,1040.8,1316.2,9.14,A,529766.0,1082.5,REORDER SOON
S02-I25,113.95,10.53,241.8,1039.4,1316.5,9.12,A,529623.0,1124.4,REORDER SOON
S03-I28,110.67,12.34,236.7,1011.4,1297.3,9.14,A,517197.0,784.4,REORDER NOW
S08-I38,110.42,9.85,234.0,1006.9,1295.9,9.12,A,516792.0,1237.9,HOLD
S03-I15,112.84,9.93,239.0,1028.9,1310.0,9.12,A,515555.0,864.5,REORDER SOON
S08-I22,110.89,12.08,236.9,1013.2,1298.7,9.14,A,510818.0,1129.7,REORDER SOON
S02-I08,110.78,9.83,234.7,1010.1,1298.0,9.12,A,508604.0,1166.6,REORDER SOON
S10-I15,111.18,9.93,235.6,1013.9,1300.3,9.12,A,507580.0,779.5,REORDER NOW
S10-I28,110.34,9.68,233.7,1006.1,1295.4,9.12,A,506842.0,762.6,REORDER NOW
S02-I36,109.99,9.58,232.9,1002.8,1293.3,9.12,A,506723.0,993.2,REORDER SOON
S08-I25,112.6,10.88,239.3,1027.5,1308.6,9.13,A,506199.0,1006.5,REORDER SOON
S08-I45,111.0,11.45,236.5,1013.5,1299.3,9.13,A,503295.0,1097.3,REORDER SOON
S03-I13,107.43,10.96,228.8,980.8,1278.2,9.13,A,495845.0,821.2,REORDER SOON
S03-I18,108.33,9.87,229.7,988.0,1283.5,9.12,A,494631.0,987.6,REORDER SOON
S10-I13,106.06,12.87,227.9,970.4,1270.1,9.15,A,492345.0,904.8,REORDER SOON
S08-I36,108.15,11.11,230.4,987.4,1282.5,9.13,A,490941.0,726.7,REORDER NOW
S08-I08,106.52,10.89,226.9,972.5,1272.8,9.13,A,487037.0,796.1,REORDER SOON
S02-I10,105.7,10.5,224.9,964.7,1267.9,9.13,A,485299.0,996.5,REORDER SOON
S10-I18,106.42,10.07,226.0,971.0,1272.2,9.12,A,484180.0,1198.3,HOLD
S04-I15,102.26,13.11,220.5,936.3,1247.1,9.16,A,482514.0,1150.9,HOLD
S09-I15,105.92,11.02,225.8,967.2,1269.2,9.13,A,477777.0,943.0,REORDER SOON
S09-I28,105.45,8.84,223.0,961.2,1266.4,9.11,A,477658.0,1050.2,REORDER SOON
S04-I28,101.57,11.96,217.9,928.9,1242.9,9.15,A,474968.0,928.3,REORDER SOON
S03-I38,102.48,10.23,218.1,935.5,1248.4,9.13,A,474135.0,987.9,REORDER SOON
S03-I45,103.9,9.26,220.1,947.4,1257.0,9.12,A,473588.0,865.7,REORDER SOON
S03-I25,104.31,12.2,223.7,953.9,1259.5,9.14,A,469517.0,1085.8,REORDER SOON
S10-I45,102.2,9.41,216.8,932.2,1246.7,9.12,A,467970.0,829.9,REORDER SOON
S03-I22,104.16,10.5,221.7,950.8,1258.6,9.13,A,467303.0,893.2,REORDER SOON
S10-I25,100.3,9.2,212.7,914.9,1235.1,9.12,A,465946.0,1030.8,REORDER SOON
S10-I38,99.6,12.01,214.0,911.2,1230.8,9.15,A,465137.0,879.7,REORDER SOON
S10-I22,100.93,10.36,215.0,921.6,1239.0,9.13,A,463637.0,900.8,REORDER SOON
S02-I11,101.63,8.27,214.7,926.1,1243.2,9.11,A,462566.0,866.0,REORDER SOON
S08-I10,100.22,10.15,213.4,914.9,1234.6,9.13,A,462304.0,939.0,REORDER SOON
S02-I12,101.05,11.29,216.2,923.5,1239.7,9.14,A,458853.0,853.5,REORDER SOON
S02-I29,99.21,9.2,210.5,905.0,1228.3,9.12,A,458805.0,997.1,REORDER SOON
S09-I18,102.85,10.89,219.4,939.4,1250.7,9.13,A,458805.0,1050.8,REORDER SOON
S02-I33,100.11,10.78,213.8,914.5,1233.9,9.14,A,457900.0,857.9,REORDER SOON
S09-I13,101.27,9.12,214.7,923.5,1241.0,9.12,A,456948.0,797.5,REORDER SOON
S04-I18,100.23,10.8,214.0,915.7,1234.7,9.14,A,455139.0,803.3,REORDER SOON
S03-I36,98.14,11.46,210.4,897.4,1221.7,9.14,A,453806.0,750.6,REORDER SOON
S04-I13,98.13,10.01,209.0,896.0,1221.7,9.13,A,452354.0,1125.4,HOLD
S03-I08,97.23,9.71,206.9,887.5,1216.0,9.13,A,451688.0,1035.9,REORDER SOON
S10-I08,96.05,9.84,204.6,876.9,1208.6,9.13,A,448617.0,791.7,REORDER SOON
S10-I36,95.73,10.4,204.5,874.6,1206.6,9.14,A,444760.0,852.4,REORDER SOON
S09-I25,95.87,10.98,205.4,876.5,1207.5,9.14,A,442332.0,717.4,REORDER SOON
S09-I45,96.29,10.31,205.5,879.6,1210.2,9.13,A,441737.0,926.0,REORDER SOON
S08-I29,95.22,10.55,203.6,870.1,1203.4,9.14,A,441142.0,1000.3,REORDER SOON
S04-I45,94.7,9.49,201.5,864.4,1200.1,9.13,A,440428.0,853.1,REORDER SOON
S09-I22,96.44,9.71,205.3,880.4,1211.1,9.13,A,440309.0,894.1,REORDER SOON
S08-I11,95.4,10.31,203.7,871.5,1204.5,9.14,A,439881.0,918.3,REORDER SOON
S02-I24,94.77,9.61,201.8,865.2,1200.6,9.13,A,438309.0,950.1,REORDER SOON
S09-I38,96.68,9.44,205.5,882.3,1212.6,9.13,A,437524.0,860.5,REORDER SOON
S04-I38,94.65,9.38,201.4,863.9,1199.8,9.13,A,437262.0,750.9,REORDER SOON
S08-I33,97.32,9.06,206.5,887.8,1216.6,9.12,A,437024.0,787.7,REORDER SOON
S02-I35,95.59,9.63,203.5,872.6,1205.7,9.13,A,436381.0,721.3,REORDER SOON
S02-I50,93.97,9.88,200.4,858.2,1195.5,9.13,A,435548.0,674.1,REORDER NOW
S04-I22,93.62,10.13,199.9,855.3,1193.3,9.14,A,435334.0,891.8,REORDER SOON
S04-I25,94.67,10.47,202.4,865.1,1199.9,9.14,A,434144.0,832.0,REORDER SOON
S08-I12,97.14,11.36,208.3,888.3,1215.5,9.14,A,433644.0,812.6,REORDER SOON
S03-I10,93.81,11.14,201.3,858.0,1194.5,9.15,A,428931.0,712.6,REORDER SOON
S10-I10,93.49,10.51,200.0,854.5,1192.4,9.14,A,421884.0,832.3,REORDER SOON
S04-I08,91.28,10.13,195.2,834.1,1178.2,9.14,A,420932.0,893.7,REORDER SOON
S09-I08,92.78,9.54,197.7,847.2,1187.9,9.13,A,420194.0,993.8,REORDER SOON
S04-I36,90.39,11.41,194.7,827.4,1172.4,9.15,A,417219.0,1026.2,HOLD
S09-I36,92.48,10.31,197.8,845.2,1186.0,9.14,A,416886.0,860.2,REORDER SOON
S08-I24,92.27,10.38,197.4,843.3,1184.6,9.14,A,415457.0,901.8,REORDER SOON
S08-I50,92.29,9.42,196.6,842.6,1184.7,9.13,A,414053.0,790.3,REORDER SOON
S08-I35,92.48,10.65,198.1,845.5,1185.9,9.14,A,412958.0,770.2,REORDER SOON
S01-I15,89.4,9.34,190.6,816.4,1166.0,9.13,A,412196.0,871.4,REORDER SOON
S03-I29,90.65,9.38,193.2,827.8,1174.2,9.13,A,411053.0,708.2,REORDER SOON
S01-I28,90.71,10.28,194.2,829.2,1174.5,9.14,A,410101.0,764.1,REORDER SOON
S03-I33,89.09,8.96,189.6,813.3,1164.0,9.13,A,408768.0,897.4,REORDER SOON
S03-I11,90.13,10.49,193.2,824.1,1170.7,9.14,A,408340.0,868.2,REORDER SOON
S10-I12,88.67,10.24,190.0,810.7,1161.3,9.14,A,407340.0,675.1,REORDER SOON
S10-I11,88.1,9.83,188.4,805.1,1157.5,9.14,A,407078.0,802.8,REORDER SOON
S03-I12,89.33,9.73,190.8,816.2,1165.6,9.14,A,405340.0,866.8,REORDER SOON
S10-I33,88.25,10.59,189.5,807.2,1158.5,9.15,A,403793.0,722.3,REORDER SOON
S09-I10,88.52,9.71,189.2,808.8,1160.3,9.14,A,400080.0,671.4,REORDER SOON
S10-I29,88.83,9.44,189.6,811.4,1162.3,9.13,A,397747.0,906.0,REORDER SOON
S01-I18,87.05,10.06,186.5,795.9,1150.6,9.14,A,394367.0,741.0,REORDER SOON
S04-I10,87.2,8.83,185.7,796.1,1151.6,9.13,A,392129.0,764.2,REORDER SOON
S01-I13,86.44,11.32,186.7,791.7,1146.5,9.16,A,391510.0,751.3,REORDER SOON
S02-I14,83.81,8.22,178.2,764.8,1129.0,9.13,A,389844.0,858.3,REORDER SOON
S03-I24,84.76,8.05,180.0,773.3,1135.4,9.12,A,389606.0,947.7,HOLD
S02-I46,84.27,10.75,181.7,771.6,1132.1,9.16,A,388892.0,636.3,REORDER SOON
S02-I31,83.61,9.38,178.9,764.2,1127.6,9.14,A,388654.0,801.1,REORDER SOON
S02-I07,83.53,10.7,180.1,764.9,1127.1,9.16,A,386678.0,747.3,REORDER SOON
S03-I50,85.52,8.11,181.6,780.2,1140.4,9.12,A,385131.0,732.2,REORDER SOON
S02-I02,83.64,10.57,180.2,765.6,1127.8,9.15,A,384202.0,910.0,REORDER SOON
S10-I24,84.3,9.24,180.1,770.2,1132.3,9.14,A,383964.0,739.4,REORDER SOON
S09-I29,84.03,9.65,180.0,768.2,1130.5,9.14,A,383774.0,642.2,REORDER SOON
S02-I06,84.39,11.25,182.5,773.2,1132.9,9.16,A,380203.0,843.9,REORDER SOON
S09-I12,83.93,10.21,180.4,767.9,1129.8,9.15,A,379608.0,707.3,REORDER SOON
S04-I12,81.82,10.67,176.6,749.4,1115.5,9.16,A,378965.0,693.8,REORDER SOON
S10-I35,84.19,10.78,181.5,770.9,1131.6,9.16,A,377727.0,714.1,REORDER SOON
S03-I35,85.07,9.48,181.9,777.4,1137.4,9.14,A,377704.0,731.2,REORDER SOON
S04-I33,82.83,9.84,177.8,757.6,1122.4,9.15,A,377680.0,650.0,REORDER SOON
S04-I11,84.7,9.68,181.4,774.3,1134.9,9.14,A,377608.0,676.2,REORDER SOON
S09-I11,83.8,9.55,179.4,766.0,1128.9,9.14,A,377537.0,723.6,REORDER SOON
S04-I29,82.09,9.29,175.7,750.4,1117.4,9.14,A,377489.0,774.0,REORDER SOON
S09-I33,83.57,8.19,177.7,762.7,1127.4,9.13,A,377251.0,791.6,REORDER SOON
S01-I38,84.65,11.18,182.9,775.4,1134.6,9.16,A,376894.0,706.0,REORDER SOON
S10-I50,85.46,10.33,183.6,781.8,1140.0,9.15,A,376870.0,725.5,REORDER SOON
S01-I25,82.87,9.84,177.9,757.9,1122.6,9.15,A,375157.0,702.2,REORDER SOON
S01-I22,82.3,9.18,176.0,752.1,1118.8,9.14,A,375014.0,661.4,REORDER SOON
S08-I46,82.38,9.68,176.7,753.4,1119.3,9.14,A,372967.0,802.8,REORDER SOON
S01-I45,82.08,9.94,176.4,751.0,1117.3,9.15,A,371752.0,776.4,REORDER SOON
S08-I14,80.41,9.95,173.0,735.9,1105.9,9.15,A,371038.0,763.2,REORDER SOON
S08-I31,80.92,9.17,173.2,739.7,1109.4,9.14,A,370753.0,929.0,HOLD
S08-I02,81.63,10.52,176.1,747.6,1114.2,9.16,A,370658.0,850.5,REORDER SOON
S08-I07,80.89,10.08,174.1,740.4,1109.2,9.15,A,368444.0,762.6,REORDER SOON
S08-I06,82.11,8.81,175.3,750.0,1117.5,9.13,A,367730.0,740.5,REORDER SOON
S09-I35,79.79,8.14,170.0,728.5,1101.6,9.13,A,362326.0,836.8,REORDER SOON
S01-I08,80.89,10.53,174.6,740.8,1109.1,9.16,A,357898.0,682.7,REORDER SOON
S01-I36,79.27,9.77,170.5,725.4,1097.9,9.15,A,355423.0,861.5,REORDER SOON
S04-I24,78.99,10.41,170.7,723.6,1096.0,9.16,A,354923.0,917.0,HOLD
S09-I50,79.37,7.81,168.8,724.4,1098.7,9.13,A,354899.0,769.8,REORDER SOON
S09-I24,79.6,10.38,171.9,729.1,1100.3,9.16,A,354875.0,705.0,REORDER SOON
S04-I35,79.35,9.21,170.1,725.5,1098.5,9.14,A,354828.0,854.3,REORDER SOON
S04-I50,78.55,10.06,169.4,719.2,1093.0,9.16,A,352471.0,784.5,REORDER SOON
S03-I46,77.16,8.88,165.3,705.4,1083.3,9.14,A,347234.0,723.7,REORDER SOON
S01-I10,75.09,9.2,161.5,687.1,1068.6,9.15,A,345639.0,675.0,REORDER SOON
S06-I15,77.5,8.98,166.1,708.6,1085.6,9.14,A,345020.0,856.8,HOLD
S03-I14,77.25,8.16,164.8,705.5,1083.9,9.13,A,344996.0,703.5,REORDER SOON
S03-I31,76.24,9.36,163.9,697.6,1076.8,9.15,A,344592.0,659.3,REORDER SOON
S05-I28,78.96,9.21,169.3,722.0,1095.8,9.14,A,343521.0,863.6,REORDER SOON
S05-I15,78.4,9.72,168.7,717.5,1091.9,9.15,A,343449.0,717.9,REORDER SOON
S03-I06,76.87,9.26,165.1,703.2,1081.2,9.15,A,342211.0,716.0,REORDER SOON
S03-I07,76.02,8.48,162.6,694.8,1075.3,9.14,A,342116.0,618.1,REORDER SOON
S06-I28,75.78,10.66,164.5,695.0,1073.5,9.17,A,342068.0,653.6,REORDER SOON
S02-I48,75.47,8.14,161.2,689.4,1071.3,9.14,A,341331.0,564.5,REORDER SOON
S10-I14,75.8,8.44,162.1,692.7,1073.7,9.14,A,341092.0,640.5,REORDER SOON
S03-I02,78.04,9.95,168.2,714.5,1089.4,9.16,A,339164.0,876.8,HOLD
S10-I06,75.73,8.21,161.8,691.9,1073.2,9.14,A,338260.0,732.4,REORDER SOON
S10-I02,74.7,9.14,160.6,683.5,1065.9,9.15,A,338236.0,759.8,REORDER SOON
S02-I43,74.28,9.38,160.0,680.0,1062.9,9.15,A,337998.0,680.4,REORDER SOON
S10-I07,75.04,8.8,160.9,686.2,1068.3,9.14,A,337808.0,807.7,REORDER SOON
S10-I46,75.92,8.82,162.8,694.2,1074.6,9.14,A,336641.0,780.3,REORDER SOON
S02-I09,74.22,9.36,159.9,679.4,1062.4,9.15,A,335641.0,657.8,REORDER SOON
S10-I31,75.19,9.95,162.5,688.8,1069.3,9.16,A,333428.0,698.2,REORDER SOON
S06-I13,74.23,9.58,160.2,679.8,1062.5,9.16,A,333285.0,712.0,REORDER SOON
S05-I18,75.12,8.8,161.1,687.0,1068.9,9.14,A,330595.0,867.4,HOLD
S01-I11,69.83,7.49,149.1,637.9,1030.5,9.13,A,330095.0,791.2,HOLD
S05-I13,74.83,8.86,160.6,684.4,1066.8,9.15,A,328928.0,645.6,REORDER SOON
S01-I12,74.23,8.77,159.3,678.9,1062.5,9.15,A,327524.0,846.2,HOLD
S08-I48,73.07,7.94,156.1,667.6,1054.2,9.14,A,326905.0,679.8,REORDER SOON
S06-I18,75.28,9.16,161.8,688.8,1070.0,9.15,A,326619.0,692.3,REORDER SOON
S08-I09,74.08,9.62,159.9,678.5,1061.5,9.16,A,326286.0,570.5,REORDER SOON
S01-I29,73.08,8.75,156.9,668.5,1054.3,9.15,A,326191.0,825.2,HOLD
S01-I33,72.31,9.21,155.9,662.0,1048.7,9.16,A,325025.0,692.3,REORDER SOON
S08-I43,73.1,9.12,157.4,669.0,1054.4,9.15,A,323572.0,626.1,REORDER SOON
S06-I25,69.89,8.04,149.7,639.0,1031.0,9.14,A,320240.0,823.2,HOLD
S05-I25,71.18,7.73,152.0,650.3,1040.5,9.14,A,318597.0,723.1,REORDER SOON
S04-I02,68.88,8.07,147.7,629.9,1023.5,9.14,A,317764.0,655.1,REORDER SOON
S04-I14,70.49,8.98,151.9,645.4,1035.4,9.16,A,317717.0,630.9,REORDER SOON
S04-I46,69.97,9.66,151.7,641.5,1031.6,9.17,A,317050.0,643.9,REORDER SOON
S05-I45,71.16,9.99,154.5,652.6,1040.3,9.17,A,317026.0,797.9,HOLD
S09-I06,70.97,9.75,153.8,650.6,1038.9,9.17,A,317002.0,670.4,REORDER SOON
S09-I31,71.14,9.64,154.0,652.0,1040.2,9.16,A,316931.0,670.6,REORDER SOON
S05-I22,70.21,7.5,149.9,641.4,1033.4,9.13,A,316860.0,714.6,REORDER SOON
S04-I07,69.55,9.31,150.4,637.3,1028.5,9.16,A,316503.0,816.7,HOLD
S09-I02,71.47,10.11,155.3,655.6,1042.6,9.17,A,315955.0,637.7,REORDER SOON
S06-I22,69.51,8.14,149.1,635.7,1028.2,9.14,A,315860.0,712.7,REORDER SOON
S09-I46,71.37,9.16,153.9,653.5,1041.8,9.16,A,315717.0,677.1,REORDER SOON
S09-I07,71.58,8.13,153.2,654.3,1043.4,9.14,A,315455.0,697.2,REORDER SOON
S07-I28,69.61,8.99,150.2,637.4,1028.9,9.16,A,315384.0,677.1,REORDER SOON
S09-I14,71.43,8.14,153.0,653.0,1042.3,9.14,A,315146.0,728.7,REORDER SOON
S06-I45,69.86,8.32,150.0,639.0,1030.7,9.15,A,314336.0,691.4,REORDER SOON
S06-I38,70.48,8.59,151.5,644.8,1035.3,9.15,A,314170.0,685.0,REORDER SOON
S04-I31,69.59,8.15,149.2,636.4,1028.8,9.14,A,314122.0,773.4,HOLD
S05-I38,71.69,8.29,153.6,655.5,1044.2,9.14,A,313789.0,721.9,REORDER SOON
S07-I15,70.96,7.61,151.5,648.2,1038.9,9.13,A,313646.0,741.4,REORDER SOON
S04-I06,68.7,9.09,148.5,629.4,1022.2,9.16,A,313289.0,844.4,HOLD
S02-I20,69.15,7.63,147.8,631.9,1025.5,9.14,A,312908.0,679.5,REORDER SOON
S02-I26,71.82,8.14,153.7,656.5,1045.1,9.14,A,312408.0,761.8,REORDER SOON
S01-I50,66.8,8.66,144.2,611.7,1007.9,9.16,A,305933.0,644.6,REORDER SOON
S01-I35,68.51,7.94,146.8,626.4,1020.8,9.14,A,305600.0,696.1,REORDER SOON
S01-I24,68.61,7.92,147.0,627.3,1021.5,9.14,A,304291.0,680.7,REORDER SOON
S06-I36,67.63,8.7,145.9,619.3,1014.1,9.16,A,303529.0,596.1,REORDER SOON
S05-I08,68.87,8.46,148.1,630.2,1023.4,9.15,A,302720.0,530.9,REORDER SOON
S06-I08,68.92,7.63,147.4,629.8,1023.8,9.14,A,302315.0,659.8,REORDER SOON
S07-I13,68.87,8.9,148.6,630.7,1023.4,9.16,A,301649.0,834.3,HOLD
S03-I48,66.85,9.32,145.0,613.0,1008.3,9.17,A,301482.0,679.0,REORDER SOON
S07-I18,68.87,7.97,147.6,629.7,1023.4,9.14,A,300982.0,673.4,REORDER SOON
S05-I36,68.94,9.23,149.1,631.7,1023.9,9.16,A,299816.0,586.4,REORDER SOON
S03-I43,66.43,7.38,142.1,607.1,1005.1,9.14,A,299649.0,531.5,REORDER SOON
S08-I26,67.98,7.96,145.8,621.7,1016.8,9.14,A,299292.0,836.6,HOLD
S03-I09,66.95,8.31,144.1,612.7,1009.0,9.15,A,299149.0,741.4,HOLD
S08-I20,66.92,8.88,144.7,613.1,1008.9,9.16,A,298411.0,705.7,REORDER SOON
S10-I43,67.28,9.46,146.1,617.0,1011.5,9.17,A,298411.0,659.9,REORDER SOON
S10-I48,65.8,9.36,143.0,603.6,1000.4,9.17,A,298364.0,679.3,REORDER SOON
S02-I32,63.86,8.36,137.9,584.9,985.5,9.16,A,296840.0,602.3,REORDER SOON
S10-I09,67.18,8.53,144.8,615.1,1010.8,9.16,A,293174.0,682.2,REORDER SOON
S05-I10,63.47,8.31,137.1,581.4,982.5,9.16,A,291794.0,645.2,REORDER SOON
S07-I45,65.72,7.62,140.9,600.9,999.7,9.14,A,291365.0,782.8,HOLD
S07-I25,66.86,7.96,143.5,611.5,1008.4,9.15,A,290104.0,724.8,REORDER SOON
S07-I22,64.22,8.44,138.7,588.3,988.3,9.16,A,289080.0,628.6,REORDER SOON
S07-I38,64.3,7.55,137.9,588.0,988.9,9.14,A,287509.0,639.8,REORDER SOON
S06-I10,63.76,8.09,137.4,583.7,984.7,9.15,A,285438.0,555.1,REORDER SOON
S02-I39,64.21,9.4,139.9,589.3,988.2,9.18,A,284486.0,695.2,REORDER SOON
S04-I43,60.59,7.81,130.7,554.8,959.9,9.16,A,281225.0,549.1,REORDER SOON
S03-I20,61.85,8.19,133.7,566.7,969.9,9.16,A,280225.0,601.8,REORDER SOON
S08-I39,62.62,8.11,135.1,573.5,975.9,9.16,A,279320.0,621.5,REORDER SOON
S07-I36,61.98,8.19,133.9,567.8,970.8,9.16,A,277773.0,533.9,REORDER SOON
S09-I43,63.67,8.6,137.8,583.5,984.1,9.16,A,277059.0,620.4,REORDER SOON
S03-I26,62.63,8.24,135.3,573.7,976.0,9.16,A,276916.0,660.3,REORDER SOON
S04-I09,60.19,8.45,130.7,552.0,956.8,9.17,A,276249.0,641.8,REORDER SOON
S01-I14,60.42,8.52,131.2,554.2,958.6,9.17,A,275869.0,691.4,HOLD
S04-I48,60.73,7.71,130.9,556.0,961.1,9.16,A,275583.0,640.8,REORDER SOON
S10-I20,62.63,9.02,136.2,574.7,976.0,9.18,A,275392.0,562.7,REORDER SOON
S01-I02,60.49,9.09,132.1,555.5,959.2,9.18,A,275345.0,554.7,REORDER SOON
S01-I31,60.48,7.47,130.1,553.5,959.1,9.15,A,275035.0,784.0,HOLD
S06-I33,62.36,8.69,135.3,571.8,973.9,9.17,A,274916.0,709.9,HOLD
S08-I32,62.46,8.62,135.4,572.7,974.7,9.17,A,274821.0,766.4,HOLD
S09-I09,63.5,8.58,137.4,581.9,982.7,9.16,A,274321.0,636.4,REORDER SOON
S07-I08,61.29,7.32,131.6,560.6,965.4,9.15,A,274298.0,732.9,HOLD
S09-I48,63.62,8.13,137.2,582.5,983.7,9.16,A,274059.0,571.9,REORDER SOON
S06-I11,61.21,7.0,131.1,559.6,964.9,9.14,A,273964.0,713.2,HOLD
S01-I46,60.09,7.48,129.3,550.0,956.0,9.15,A,273845.0,631.1,REORDER SOON
S01-I06,60.64,8.65,131.8,556.3,960.3,9.17,A,273202.0,550.4,REORDER SOON
S05-I11,62.71,8.19,135.4,574.4,976.6,9.16,A,272893.0,699.4,HOLD
S10-I26,62.39,8.47,135.1,571.8,974.1,9.17,A,271988.0,636.2,REORDER SOON
S05-I12,61.62,8.84,134.0,565.3,968.1,9.17,A,271155.0,610.1,REORDER SOON
S06-I12,60.68,7.69,130.8,555.6,960.7,9.15,A,270679.0,584.7,REORDER SOON
S01-I07,60.76,8.21,131.5,556.8,961.3,9.16,A,269965.0,600.8,REORDER SOON
S05-I29,62.39,8.68,135.3,572.1,974.1,9.17,A,269822.0,589.2,REORDER SOON
S05-I33,63.17,8.09,136.2,578.4,980.2,9.16,A,269418.0,610.8,REORDER SOON
S06-I29,60.8,7.24,130.5,556.1,961.6,9.15,A,268942.0,709.9,HOLD
S02-I21,58.01,8.62,126.5,532.6,939.2,9.18,A,268156.0,532.9,REORDER SOON
S02-I30,59.6,7.6,128.5,545.6,952.0,9.16,A,265466.0,649.6,REORDER SOON
S03-I32,58.19,7.23,125.2,532.6,940.7,9.15,A,263205.0,542.6,REORDER SOON
S02-I19,59.95,8.39,130.1,549.8,954.9,9.17,A,263133.0,679.7,HOLD
S05-I35,58.1,7.09,124.9,531.6,940.0,9.15,A,262110.0,605.2,REORDER SOON
S07-I10,60.11,8.45,130.5,551.3,956.1,9.17,A,261705.0,736.6,HOLD
S03-I39,56.74,7.65,122.8,520.0,928.9,9.16,A,260943.0,760.2,HOLD
S05-I50,60.28,7.77,130.0,552.0,957.5,9.16,A,259348.0,577.9,REORDER SOON
S08-I19,57.26,7.53,123.7,524.5,933.2,9.16,A,259253.0,546.1,REORDER SOON
S06-I24,58.19,7.73,125.8,533.2,940.8,9.16,A,258587.0,808.3,HOLD
S06-I50,58.72,7.55,126.7,537.7,945.0,9.16,A,258396.0,651.2,HOLD
S04-I26,58.27,7.6,125.8,533.7,941.4,9.16,A,258111.0,616.5,REORDER SOON
S05-I24,57.98,6.64,124.2,530.0,939.0,9.14,A,257730.0,545.8,REORDER SOON
S08-I21,56.68,6.6,121.5,518.3,928.4,9.14,A,257682.0,618.9,REORDER SOON
S04-I20,56.34,7.99,122.4,516.7,925.6,9.17,A,256563.0,595.7,REORDER SOON
S10-I39,56.46,7.46,122.0,517.2,926.6,9.16,A,255778.0,513.8,REORDER SOON
S09-I20,58.55,6.82,125.5,535.4,943.7,9.14,A,255278.0,709.9,HOLD
S10-I32,56.46,7.87,122.5,517.8,926.7,9.17,A,255183.0,725.9,HOLD
S09-I26,56.2,7.69,121.8,515.2,924.5,9.17,A,254730.0,633.6,HOLD
S06-I35,57.47,8.78,125.7,528.0,934.9,9.19,A,254111.0,563.0,REORDER SOON
S07-I11,56.62,7.16,122.0,518.3,928.0,9.15,A,253112.0,677.8,HOLD
S08-I30,57.31,8.55,125.1,526.2,933.6,9.18,A,252921.0,561.0,REORDER SOON
S07-I33,56.2,9.3,123.9,517.3,924.5,9.2,A,248422.0,517.2,REORDER SOON
S07-I12,56.18,8.8,123.1,516.4,924.3,9.19,A,248327.0,684.4,HOLD
S07-I29,57.61,7.86,124.8,528.1,936.0,9.17,A,247732.0,505.9,REORDER SOON
S02-I03,54.02,7.58,117.3,495.4,906.4,9.17,A,243185.0,588.2,REORDER SOON
S02-I42,54.33,7.93,118.3,498.6,909.0,9.18,A,241162.0,593.7,REORDER SOON
S09-I39,52.76,7.87,115.1,484.5,895.8,9.18,A,240067.0,496.3,REORDER SOON
S04-I39,53.16,7.89,115.9,488.0,899.1,9.18,A,239876.0,471.5,REORDER SOON
S01-I48,54.59,7.82,118.7,500.8,911.2,9.17,A,239829.0,555.9,REORDER SOON
S04-I32,54.16,8.09,118.2,497.3,907.6,9.18,A,239400.0,620.3,HOLD
S01-I43,53.91,7.61,117.1,494.4,905.5,9.17,A,238615.0,543.1,REORDER SOON
S07-I35,54.14,7.4,117.3,496.3,907.4,9.17,A,237996.0,583.8,REORDER SOON
S09-I32,54.1,7.06,116.8,495.5,907.1,9.16,A,237901.0,697.9,HOLD
S01-I09,52.77,8.24,115.6,485.0,895.8,9.19,A,237472.0,591.5,HOLD
S03-I21,54.02,7.33,117.0,495.1,906.4,9.17,A,237306.0,678.0,HOLD
S03-I30,53.9,7.76,117.2,494.5,905.4,9.18,A,235782.0,521.1,REORDER SOON
S08-I03,52.19,7.7,113.8,479.1,890.9,9.18,A,235544.0,512.6,REORDER SOON
S07-I24,53.68,6.83,115.7,491.5,903.6,9.16,A,235116.0,582.1,REORDER SOON
S10-I21,52.55,7.23,113.9,481.7,894.0,9.17,A,234854.0,602.8,HOLD
S07-I50,53.73,8.72,118.2,494.3,904.0,9.2,A,233378.0,682.5,HOLD
S10-I30,52.88,6.93,114.2,484.3,896.8,9.16,A,232926.0,702.9,HOLD
S06-I14,52.17,7.13,113.0,478.2,890.7,9.17,A,232473.0,502.3,REORDER SOON
S05-I07,52.49,6.89,113.4,480.8,893.5,9.16,A,231545.0,534.3,REORDER SOON
S10-I19,51.94,7.29,112.8,476.4,888.8,9.17,A,231307.0,630.8,HOLD
S06-I02,51.96,7.4,112.9,476.7,889.0,9.17,A,231188.0,542.6,REORDER SOON
S03-I19,53.43,7.71,116.3,490.3,901.5,9.18,A,231164.0,705.8,HOLD
S05-I31,53.02,7.62,115.3,486.4,898.0,9.17,A,230450.0,496.4,REORDER SOON
S08-I42,52.84,8.0,115.5,485.4,896.5,9.18,A,229545.0,545.5,REORDER SOON
S05-I06,52.09,8.13,114.1,478.8,890.1,9.19,A,228807.0,535.4,REORDER SOON
S06-I31,52.97,7.83,115.5,486.3,897.5,9.18,A,228736.0,633.7,HOLD
S05-I02,51.96,7.52,113.1,476.8,889.0,9.18,A,228712.0,653.9,HOLD
S06-I06,52.26,7.27,113.4,479.2,891.5,9.17,A,228617.0,577.2,HOLD
S06-I07,51.67,7.73,112.8,474.5,886.5,9.18,A,228069.0,656.2,HOLD
S05-I46,52.48,7.29,113.8,481.2,893.4,9.17,A,228022.0,513.1,REORDER SOON
S06-I46,52.52,7.18,113.8,481.4,893.7,9.17,A,227855.0,566.4,REORDER SOON
S05-I14,52.23,7.55,113.6,479.2,891.2,9.18,A,227022.0,560.4,REORDER SOON
S01-I26,51.22,6.93,110.9,469.4,882.6,9.16,A,223904.0,520.6,REORDER SOON
S04-I19,47.24,7.96,104.3,435.0,847.6,9.21,A,220190.0,558.0,HOLD
S09-I19,49.4,7.43,107.9,453.6,866.7,9.18,A,219619.0,541.4,REORDER SOON
S01-I20,51.42,6.97,111.3,471.2,884.3,9.16,A,218024.0,540.4,REORDER SOON
S09-I30,49.17,8.58,109.0,453.2,864.8,9.22,A,217786.0,497.5,REORDER SOON
S02-I17,49.11,7.42,107.3,451.0,864.2,9.18,A,217405.0,534.6,REORDER SOON
S03-I42,49.32,7.19,107.4,452.7,866.1,9.18,A,217215.0,479.5,REORDER SOON
S09-I21,49.78,7.83,109.2,457.6,870.1,9.19,A,217024.0,550.7,HOLD
S04-I30,49.56,7.04,107.7,454.6,868.2,9.17,A,216429.0,601.7,HOLD
S04-I21,48.23,7.91,106.2,443.9,856.5,9.2,A,215739.0,485.3,REORDER SOON
S10-I03,47.58,7.33,104.1,437.2,850.7,9.19,A,214453.0,601.7,HOLD
S03-I03,49.09,6.92,106.6,450.3,864.1,9.17,A,213001.0,549.2,HOLD
S07-I07,48.51,6.82,105.3,444.9,858.9,9.17,A,212573.0,504.8,REORDER SOON
S07-I46,48.71,7.64,106.8,447.8,860.7,9.19,A,210740.0,487.3,REORDER SOON
S07-I31,49.73,6.37,107.2,455.3,869.6,9.16,A,210645.0,622.8,HOLD
S07-I14,47.76,6.71,103.7,438.0,852.3,9.17,A,209669.0,631.2,HOLD
S10-I42,49.38,7.4,107.8,453.5,866.6,9.18,B,209454.0,541.4,REORDER SOON
S07-I02,48.18,6.4,104.1,441.4,856.0,9.16,B,208836.0,515.4,REORDER SOON
S07-I06,49.66,6.55,107.3,454.9,869.0,9.16,B,208050.0,607.9,HOLD
S01-I32,45.43,7.25,99.8,417.8,831.2,9.2,B,205860.0,499.5,REORDER SOON
S01-I39,45.45,7.12,99.6,417.7,831.4,9.19,B,205432.0,481.5,REORDER SOON
S05-I48,46.27,6.42,100.4,424.3,838.9,9.17,B,203765.0,595.8,HOLD
S06-I48,46.39,6.18,100.3,425.0,840.0,9.16,B,203503.0,471.5,REORDER SOON
S06-I43,47.25,7.04,103.1,433.9,847.7,9.18,B,203289.0,615.9,HOLD
S08-I17,46.82,7.0,102.2,429.9,843.8,9.18,B,202980.0,503.9,REORDER SOON
S06-I09,47.31,6.56,102.6,433.8,848.3,9.17,B,201813.0,512.1,REORDER SOON
S05-I43,47.02,6.85,102.4,431.6,845.7,9.18,B,200956.0,432.3,REORDER SOON
S05-I09,46.37,7.26,101.6,426.2,839.8,9.19,B,198576.0,525.7,HOLD
S04-I42,44.34,6.32,96.4,406.8,821.2,9.17,B,197814.0,488.9,HOLD
S09-I03,44.19,6.63,96.5,405.8,819.8,9.18,B,197076.0,556.6,HOLD
S04-I03,44.93,7.21,98.7,413.2,826.6,9.2,B,196910.0,413.2,REORDER SOON
S02-I23,42.69,7.48,94.7,393.6,805.8,9.22,B,196291.0,480.8,HOLD
S09-I42,44.86,7.02,98.3,412.3,826.0,9.19,B,195934.0,525.6,HOLD
S02-I44,42.97,7.41,95.1,395.9,808.4,9.21,B,195577.0,527.5,HOLD
S03-I17,43.22,7.16,95.3,397.8,810.8,9.2,B,193529.0,485.7,HOLD
S02-I40,43.99,6.67,96.1,404.0,817.9,9.18,B,193125.0,560.2,HOLD
S02-I49,43.98,6.54,95.9,403.8,817.8,9.18,B,192863.0,575.1,HOLD
S10-I17,43.86,7.3,96.7,403.7,816.7,9.21,B,192458.0,500.4,HOLD
S02-I37,44.32,6.81,97.0,407.3,821.0,9.19,B,192077.0,441.9,REORDER SOON
S01-I19,43.22,7.12,95.2,397.7,810.7,9.2,B,191101.0,559.8,HOLD
S01-I30,41.85,7.08,92.5,385.5,797.8,9.21,B,189959.0,565.1,HOLD
S06-I20,41.6,7.26,92.2,383.5,795.5,9.22,B,188673.0,482.6,HOLD
S01-I21,42.05,6.67,92.3,386.6,799.7,9.19,B,188292.0,526.2,HOLD
S08-I49,41.49,6.29,90.7,381.1,794.4,9.18,B,187935.0,534.4,HOLD
S08-I37,41.68,6.65,91.5,383.3,796.1,9.2,B,187031.0,546.3,HOLD
S06-I26,43.71,6.71,95.6,401.5,815.3,9.19,B,186436.0,469.2,REORDER SOON
S05-I26,42.98,5.74,93.0,393.9,808.5,9.16,B,186364.0,492.7,HOLD
S07-I09,42.45,6.62,93.0,390.2,803.5,9.19,B,185245.0,474.3,HOLD
S05-I20,43.33,5.94,93.9,397.2,811.8,9.17,B,185126.0,429.7,REORDER SOON
S07-I43,42.83,7.17,94.5,394.3,807.1,9.21,B,184817.0,467.2,REORDER SOON
S08-I44,42.99,6.63,94.1,395.1,808.6,9.19,B,184746.0,524.6,HOLD
S08-I40,41.29,6.54,90.6,379.6,792.4,9.19,B,184460.0,433.7,REORDER SOON
S07-I48,42.49,7.1,93.8,391.2,803.9,9.21,B,183841.0,527.1,HOLD
S08-I23,41.98,7.38,93.2,387.1,799.1,9.22,B,183293.0,515.5,HOLD
S09-I17,41.17,6.5,90.3,378.5,791.3,9.19,B,177580.0,517.7,HOLD
S04-I17,39.44,5.99,86.2,362.2,774.4,9.19,B,176985.0,542.0,HOLD
S02-I34,37.96,6.0,83.3,349.0,759.8,9.19,B,174367.0,416.1,REORDER SOON
S03-I40,39.71,6.58,87.5,365.5,777.1,9.2,B,174081.0,627.9,HOLD
S05-I32,40.25,6.09,87.9,369.6,782.3,9.18,B,173962.0,433.4,REORDER SOON
S06-I32,39.93,5.89,87.0,366.5,779.3,9.18,B,172439.0,425.4,REORDER SOON
S03-I44,39.23,6.56,86.6,361.2,772.4,9.21,B,171963.0,464.7,HOLD
S03-I23,39.1,6.34,86.0,359.7,771.2,9.2,B,171439.0,482.6,HOLD
S07-I26,39.25,6.08,85.9,360.7,772.7,9.19,B,171320.0,480.7,HOLD
S06-I39,39.13,6.75,86.6,360.6,771.4,9.21,B,171248.0,500.9,HOLD
S02-I16,38.28,6.94,85.3,353.2,763.0,9.23,B,170963.0,457.9,HOLD
S10-I23,38.98,7.66,87.8,360.6,769.9,9.25,B,170772.0,482.4,HOLD
S05-I39,41.4,7.56,92.3,382.1,793.5,9.23,B,170177.0,422.1,REORDER SOON
S03-I49,37.56,7.3,84.4,347.4,755.8,9.25,B,169558.0,514.9,HOLD
S01-I03,38.26,6.92,85.2,353.0,762.8,9.23,B,169201.0,545.2,HOLD
S07-I20,41.43,6.47,90.8,380.8,793.8,9.19,B,169154.0,469.3,HOLD
S10-I37,38.62,7.02,86.1,356.4,766.4,9.23,B,168701.0,400.6,REORDER SOON
S03-I37,40.06,6.92,88.7,369.1,780.5,9.21,B,168463.0,464.9,HOLD
S10-I44,38.79,6.79,86.0,357.6,768.1,9.22,B,168368.0,474.4,HOLD
S01-I42,39.24,6.15,86.0,360.7,772.5,9.19,B,167559.0,513.6,HOLD
S10-I40,38.83,5.57,84.4,356.3,768.5,9.17,B,167059.0,509.4,HOLD
S10-I49,38.26,6.72,84.9,352.7,762.8,9.22,B,165869.0,403.4,REORDER SOON
S08-I34,36.79,6.79,82.1,339.6,748.0,9.23,B,163536.0,382.3,REORDER SOON
S09-I49,36.56,5.84,80.3,336.2,745.6,9.2,B,162631.0,459.9,HOLD
S08-I16,36.81,6.07,81.1,338.8,748.3,9.2,B,162250.0,514.3,HOLD
S09-I37,35.35,5.95,78.1,325.5,733.2,9.21,B,162036.0,413.4,HOLD
S04-I40,35.16,5.97,77.7,323.8,731.2,9.21,B,160298.0,539.0,HOLD
S09-I40,34.7,6.95,78.4,321.3,726.5,9.26,B,159703.0,501.7,HOLD
S09-I23,34.71,5.78,76.6,319.5,726.5,9.21,B,159346.0,407.1,HOLD
S09-I44,35.61,5.88,78.5,327.7,735.9,9.2,B,158370.0,479.2,HOLD
S04-I44,35.07,5.96,77.5,323.1,730.4,9.21,B,158132.0,490.0,HOLD
S05-I19,37.26,6.47,82.6,343.4,752.8,9.22,B,157989.0,437.0,HOLD
S04-I23,34.33,6.0,76.1,316.4,722.6,9.22,B,157942.0,406.2,HOLD
S04-I37,35.89,6.71,80.3,331.5,738.8,9.24,B,157894.0,423.9,HOLD
S06-I19,35.99,5.4,78.6,330.5,739.8,9.18,B,157204.0,444.4,HOLD
S06-I30,36.25,6.81,81.1,334.9,742.5,9.24,B,157204.0,411.0,HOLD
S07-I39,36.24,5.45,79.1,332.8,742.4,9.18,B,156942.0,520.3,HOLD
S06-I21,37.87,6.16,83.3,348.4,758.9,9.2,B,156823.0,425.7,HOLD
S04-I49,35.22,5.65,77.4,323.9,731.9,9.2,B,156752.0,451.1,HOLD
S07-I32,37.65,6.7,83.7,347.2,756.7,9.22,B,155871.0,472.8,HOLD
S05-I30,36.52,5.89,80.3,335.9,745.2,9.2,B,155300.0,434.0,HOLD
S05-I21,36.01,6.31,79.9,332.0,740.1,9.22,B,154300.0,430.9,HOLD
S01-I17,33.23,5.68,73.5,306.1,710.9,9.21,B,152324.0,445.7,HOLD
S10-I16,32.84,5.72,72.8,302.6,706.7,9.22,B,148896.0,428.7,HOLD
S03-I16,32.89,6.96,74.9,305.1,707.2,9.28,B,148872.0,374.5,HOLD
S03-I34,33.97,6.7,76.5,314.3,718.7,9.25,B,148682.0,445.3,HOLD
S02-I41,31.26,5.91,70.0,288.9,689.5,9.24,B,147682.0,448.8,HOLD
S07-I21,33.07,5.8,73.4,304.9,709.2,9.22,B,146563.0,449.2,HOLD
S02-I27,31.44,5.99,70.5,290.6,691.5,9.24,B,146516.0,416.9,HOLD
S02-I01,31.12,5.69,69.4,287.2,687.9,9.23,B,146182.0,438.8,HOLD
S07-I19,33.12,5.15,72.5,304.3,709.7,9.19,B,145968.0,504.6,HOLD
S02-I04,31.53,5.57,70.0,290.8,692.5,9.22,B,144897.0,414.4,HOLD
S06-I03,31.77,5.37,70.2,292.6,695.1,9.21,B,144873.0,480.8,HOLD
S05-I03,31.87,5.85,71.1,294.2,696.2,9.23,B,144754.0,451.7,HOLD
S10-I34,33.64,6.32,75.3,310.8,715.3,9.24,B,144707.0,509.9,HOLD
S05-I42,31.39,5.69,69.9,289.7,690.9,9.23,B,143540.0,354.3,HOLD
S02-I47,31.37,5.78,70.0,289.6,690.7,9.23,B,143326.0,369.3,HOLD
S07-I30,32.82,5.41,72.3,302.1,706.5,9.2,B,143088.0,454.2,HOLD
S06-I42,32.56,5.1,71.4,299.3,703.7,9.19,B,141660.0,390.7,HOLD
S08-I01,30.23,6.9,69.8,281.4,678.0,9.31,B,141184.0,412.4,HOLD
S01-I44,30.13,6.02,68.0,278.9,676.9,9.26,B,140565.0,410.8,HOLD
S08-I41,30.45,6.16,68.9,282.0,680.5,9.26,B,140565.0,393.6,HOLD
S09-I34,30.43,6.06,68.7,281.7,680.3,9.26,B,140160.0,337.7,REORDER SOON
S04-I34,30.16,6.3,68.5,279.6,677.2,9.27,B,140136.0,442.2,HOLD
S08-I47,30.64,5.56,68.3,282.7,682.6,9.23,B,140065.0,435.7,HOLD
S04-I16,30.33,5.4,67.4,279.7,679.1,9.22,B,139065.0,389.3,HOLD
S01-I23,29.88,5.4,66.5,275.7,674.1,9.23,B,138351.0,477.9,HOLD
S09-I16,31.33,6.02,70.3,289.6,690.2,9.24,B,138327.0,405.3,HOLD
S01-I37,29.79,5.72,66.9,275.4,673.1,9.24,B,137899.0,384.5,HOLD
S08-I04,30.81,6.19,69.6,285.3,684.5,9.26,B,137827.0,454.7,HOLD
S08-I27,30.94,5.92,69.4,286.0,686.0,9.24,B,137399.0,430.1,HOLD
S01-I49,30.07,5.44,67.0,277.4,676.2,9.23,B,136994.0,409.2,HOLD
S01-I40,30.51,5.08,67.3,280.8,681.2,9.21,B,135256.0,437.5,HOLD
S07-I03,31.17,4.66,68.0,286.2,688.5,9.18,B,134733.0,437.4,HOLD
S05-I17,30.46,5.61,68.0,281.2,680.6,9.23,B,130543.0,416.9,HOLD
S07-I42,30.85,5.83,69.1,285.1,685.0,9.24,B,130186.0,434.4,HOLD
S03-I41,28.41,5.11,63.2,262.1,657.3,9.23,B,129781.0,423.5,HOLD
S03-I01,29.36,5.99,66.5,272.0,668.2,9.26,B,128996.0,396.4,HOLD
S10-I47,27.84,6.18,63.9,258.8,650.7,9.3,B,128853.0,430.8,HOLD
S03-I47,29.32,6.54,67.4,272.6,667.7,9.3,B,128758.0,377.6,HOLD
S03-I27,28.84,5.63,64.9,266.8,662.3,9.25,B,127925.0,440.8,HOLD
S06-I17,28.17,5.79,63.9,261.1,654.6,9.27,B,127829.0,385.3,HOLD
S03-I04,29.57,5.34,65.8,272.8,670.6,9.23,B,127591.0,408.9,HOLD
S10-I27,27.92,5.41,62.7,258.2,651.6,9.25,B,127139.0,432.6,HOLD
S10-I41,28.52,5.6,64.2,263.8,658.6,9.25,B,126353.0,404.5,HOLD
S10-I04,28.94,5.83,65.4,268.0,663.4,9.26,C,125378.0,496.8,HOLD
S10-I01,27.88,4.98,62.0,257.2,651.2,9.22,C,125330.0,397.3,HOLD
S09-I04,25.39,5.45,58.0,235.7,621.4,9.28,C,122259.0,353.9,HOLD
S02-I05,27.2,5.45,61.4,251.9,643.2,9.26,C,120878.0,366.2,HOLD
S04-I04,25.89,6.36,60.6,241.8,627.5,9.34,C,120450.0,350.7,HOLD
S04-I47,25.54,5.91,59.1,237.8,623.2,9.31,C,120426.0,432.6,HOLD
S04-I41,26.2,5.53,59.6,243.0,631.2,9.28,C,120355.0,430.3,HOLD
S01-I34,26.04,5.75,59.7,242.0,629.3,9.29,C,120141.0,381.5,HOLD
S09-I01,25.78,5.17,58.2,238.7,626.1,9.26,C,119974.0,379.3,HOLD
S09-I27,26.17,5.05,58.8,242.0,630.9,9.25,C,119736.0,408.6,HOLD
S07-I17,27.71,5.4,62.3,256.3,649.1,9.25,C,119522.0,395.1,HOLD
S09-I41,26.46,4.9,59.1,244.3,634.3,9.23,C,119307.0,373.8,HOLD
S09-I47,26.44,5.24,59.6,244.7,634.1,9.25,C,119141.0,389.8,HOLD
S06-I40,26.03,5.36,59.0,241.2,629.1,9.27,C,119093.0,364.4,HOLD
S01-I16,26.5,5.41,60.0,245.5,634.9,9.26,C,118927.0,347.9,HOLD
S04-I27,25.64,5.31,58.2,237.7,624.5,9.27,C,118903.0,422.8,HOLD
S04-I01,25.8,5.7,59.2,239.8,626.5,9.29,C,118808.0,392.9,HOLD
S08-I05,27.16,5.07,60.7,250.9,642.7,9.24,C,118308.0,407.6,HOLD
S05-I49,25.32,5.61,58.1,235.3,620.5,9.3,C,117355.0,477.3,HOLD
S06-I44,24.9,5.31,56.8,231.1,615.4,9.28,C,115927.0,343.7,HOLD
S06-I23,26.12,5.19,58.9,241.7,630.2,9.26,C,115522.0,368.8,HOLD
S05-I23,26.3,5.25,59.4,243.5,632.5,9.26,C,115308.0,377.9,HOLD
S06-I37,25.5,5.45,58.2,236.7,622.8,9.28,C,114761.0,343.5,HOLD
S05-I37,25.95,4.61,57.7,239.3,628.2,9.22,C,113928.0,317.2,HOLD
S05-I40,25.49,5.38,58.0,236.4,622.6,9.28,C,113571.0,323.7,HOLD
S05-I44,26.39,5.37,59.7,244.5,633.5,9.26,C,112285.0,294.3,HOLD
S06-I49,25.98,4.47,57.5,239.4,628.6,9.21,C,111904.0,306.4,HOLD
S03-I05,24.78,5.03,56.1,229.6,613.9,9.26,C,109262.0,321.8,HOLD
S07-I23,23.44,5.73,54.8,218.9,597.1,9.34,C,105525.0,382.5,HOLD
S07-I44,24.35,5.16,55.5,225.9,608.5,9.28,C,105406.0,366.5,HOLD
S10-I05,24.39,5.36,55.9,226.7,609.1,9.29,C,105334.0,353.6,HOLD
S07-I40,24.49,4.63,54.8,226.3,610.3,9.24,C,105120.0,345.2,HOLD
S07-I49,24.07,5.04,54.7,223.2,605.0,9.27,C,104334.0,313.4,HOLD
S01-I47,22.89,5.15,52.7,212.9,590.0,9.3,C,103549.0,367.4,HOLD
S07-I37,23.95,4.97,54.4,222.1,603.6,9.27,C,102954.0,326.3,HOLD
S01-I27,22.4,5.03,51.5,208.3,583.6,9.3,C,102573.0,385.9,HOLD
S05-I34,22.19,5.04,51.2,206.5,581.0,9.31,C,101692.0,380.9,HOLD
S01-I01,23.37,5.36,54.0,217.6,596.2,9.31,C,101502.0,328.9,HOLD
S01-I41,22.7,4.54,51.2,210.1,587.5,9.26,C,101478.0,352.3,HOLD
S06-I34,22.96,4.38,51.5,212.2,590.9,9.24,C,100954.0,354.4,HOLD
S05-I16,22.1,4.53,50.1,204.8,579.7,9.27,C,100621.0,372.2,HOLD
S01-I04,22.55,5.1,52.0,209.8,585.6,9.3,C,100550.0,397.6,HOLD
S06-I16,22.57,4.46,50.9,208.9,585.9,9.25,C,100002.0,379.0,HOLD
S09-I05,23.37,5.2,53.7,217.3,596.2,9.3,C,98740.0,365.1,HOLD
S04-I05,23.16,4.56,52.2,214.3,593.5,9.25,C,98717.0,359.6,HOLD
S07-I34,20.95,4.2,47.3,194.0,564.5,9.26,C,91813.0,292.2,HOLD
S07-I16,21.53,5.03,49.9,200.7,572.3,9.32,C,90004.0,300.0,HOLD
S06-I27,19.92,5.13,47.1,186.6,550.4,9.37,C,87529.0,274.7,HOLD
S05-I01,19.36,4.94,45.7,181.2,542.6,9.36,C,87029.0,306.2,HOLD
S05-I27,20.06,4.42,46.0,186.4,552.3,9.29,C,85981.0,367.9,HOLD
S06-I04,19.87,4.58,45.9,185.0,549.7,9.31,C,85719.0,267.5,HOLD
S05-I41,19.04,4.73,44.7,178.0,538.1,9.35,C,85505.0,285.4,HOLD
S05-I47,19.45,4.66,45.3,181.4,543.8,9.33,C,85458.0,283.6,HOLD
S05-I04,19.19,4.32,44.2,178.5,540.3,9.3,C,84696.0,328.0,HOLD
S06-I41,19.65,4.72,45.8,183.3,546.6,9.33,C,84101.0,302.0,HOLD
S06-I47,19.78,4.48,45.6,184.0,548.5,9.3,C,83887.0,309.5,HOLD
S06-I01,19.79,3.9,44.6,183.1,548.6,9.25,C,83363.0,275.5,HOLD
S01-I05,19.03,3.95,43.2,176.5,538.0,9.27,C,83339.0,289.4,HOLD
S07-I47,18.58,3.75,42.0,172.1,531.6,9.26,C,80721.0,283.4,HOLD
S07-I41,17.86,4.13,41.3,166.3,521.2,9.31,C,77745.0,303.7,HOLD
S07-I01,17.79,4.34,41.6,166.2,520.2,9.34,C,77293.0,323.7,HOLD
S07-I27,18.16,3.88,41.4,168.6,525.6,9.28,C,77031.0,262.9,HOLD
S07-I04,17.47,4.51,41.3,163.6,515.4,9.37,C,76888.0,292.2,HOLD
S05-I05,16.51,3.88,38.3,153.8,501.0,9.32,C,73746.0,254.5,HOLD
S06-I05,16.6,4.25,39.2,155.4,502.4,9.36,C,70723.0,287.2,HOLD
S07-I05,15.05,4.17,36.2,141.6,478.4,9.41,C,66176.0,263.3,HOLD
