MAE,RMSE,MAPE,sMAPE,WAPE,R2,bias,n,horizon,model,scope
7.0114,8.8973,10.551,10.946,9.451,0.9334,4.683,84,7,SARIMA,12 series (SARIMA matched subset)
10.1774,13.2016,14.888,15.575,13.498,0.873,4.61,3500,7,SeasonalNaive,500 series (full grid)
11.4975,14.5695,15.085,16.615,15.248,0.8453,10.6791,3500,7,ColdStart,500 series (full grid)
7.0903,9.2153,10.722,10.672,9.403,0.9381,1.6696,3500,7,RandomForest,500 series (full grid)
6.9937,9.1004,10.543,10.554,9.275,0.9396,1.9848,3500,7,XGBoost,500 series (full grid)
6.8231,8.7925,10.494,10.37,9.049,0.9437,0.965,3500,7,LightGBM,500 series (full grid)
8.402,11.1006,11.678,12.214,11.143,0.9102,5.5187,3500,7,LSTM,500 series (full grid)
6.8737,8.8941,10.486,10.42,9.116,0.9423,1.4463,3500,7,Ensemble,500 series (full grid)
8.5452,11.0448,12.01,12.645,11.4,0.9041,5.6375,360,30,SARIMA,12 series (SARIMA matched subset)
10.1394,13.137,14.726,15.356,13.327,0.8772,4.5741,15000,30,SeasonalNaive,500 series (full grid)
11.2007,14.3,14.57,15.933,14.722,0.8545,10.1938,15000,30,ColdStart,500 series (full grid)
7.1065,9.1924,10.73,10.599,9.341,0.9399,1.1473,15000,30,RandomForest,500 series (full grid)
7.2839,9.5005,10.735,10.805,9.574,0.9358,2.5154,15000,30,XGBoost,500 series (full grid)
7.0018,9.065,10.603,10.461,9.203,0.9415,1.1285,15000,30,LightGBM,500 series (full grid)
9.6386,12.8607,12.837,13.641,12.669,0.8823,7.2845,15000,30,LSTM,500 series (full grid)
7.0399,9.1241,10.583,10.507,9.253,0.9408,1.56,15000,30,Ensemble,500 series (full grid)
7.3714,9.6254,12.655,12.26,10.872,0.9161,0.6448,1080,90,SARIMA,12 series (SARIMA matched subset)
10.4455,13.6056,17.927,16.709,15.332,0.8428,-2.6248,45000,90,SeasonalNaive,500 series (full grid)
10.0371,12.9368,14.714,15.998,14.733,0.8579,8.8853,45000,90,ColdStart,500 series (full grid)
7.2058,9.2445,12.991,12.077,10.577,0.9274,-2.1201,45000,90,RandomForest,500 series (full grid)
7.3717,9.6965,11.873,12.156,10.82,0.9202,3.7774,45000,90,XGBoost,500 series (full grid)
6.7527,8.8437,11.307,11.226,9.912,0.9336,1.9051,45000,90,LightGBM,500 series (full grid)
11.2727,14.5364,16.987,18.964,16.546,0.8206,9.8131,45000,90,LSTM,500 series (full grid)
6.6613,8.6989,11.285,11.123,9.778,0.9357,1.5256,45000,90,Ensemble,500 series (full grid)
9.5739,13.0977,19.192,16.756,15.653,0.8239,-4.7053,2208,184,SARIMA,12 series (SARIMA matched subset)
14.0907,18.8343,28.412,23.278,22.951,0.6583,-9.515,92000,184,SeasonalNaive,500 series (full grid)
9.1401,11.9035,15.026,16.288,14.888,0.8635,7.8904,92000,184,ColdStart,500 series (full grid)
7.3315,9.3221,15.518,13.863,11.942,0.9163,-3.4656,92000,184,RandomForest,500 series (full grid)
7.4196,9.8053,13.14,13.646,12.085,0.9074,4.4461,92000,184,XGBoost,500 series (full grid)
6.5325,8.6063,12.116,12.092,10.64,0.9286,2.3024,92000,184,LightGBM,500 series (full grid)
12.6657,16.2583,20.786,23.904,20.63,0.7454,11.7226,92000,184,LSTM,500 series (full grid)
6.3953,8.3916,12.131,11.902,10.417,0.9322,1.5925,92000,184,Ensemble,500 series (full grid)
